"Campaign","Keyword","Match Type"
"Uniwide | B2B Search","jobs","Phrase"
"Uniwide | B2B Search","job","Phrase"
"Uniwide | B2B Search","salary","Phrase"
"Uniwide | B2B Search","careers","Phrase"
"Uniwide | B2B Search","hiring","Phrase"
"Uniwide | B2B Search","free","Phrase"
"Uniwide | B2B Search","freeware","Phrase"
"Uniwide | B2B Search","used","Phrase"
"Uniwide | B2B Search","refurbished","Phrase"
"Uniwide | B2B Search","repair","Phrase"
"Uniwide | B2B Search","fix","Phrase"
"Uniwide | B2B Search","driver","Phrase"
"Uniwide | B2B Search","drivers","Phrase"
"Uniwide | B2B Search","download","Phrase"
"Uniwide | B2B Search","how to","Phrase"
"Uniwide | B2B Search","tutorial","Phrase"
"Uniwide | B2B Search","diy","Phrase"
"Uniwide | B2B Search","rental","Phrase"
"Uniwide | B2B Search","rent","Phrase"
"Uniwide | B2B Search","lease to own","Phrase"
"Uniwide | B2B Search","craigslist","Phrase"
"Uniwide | B2B Search","ebay","Phrase"
"Uniwide | B2B Search","amazon","Phrase"
"Uniwide | B2B Search","best buy","Phrase"
"Uniwide | B2B Search","reddit","Phrase"
"Uniwide | B2B Search","reviews","Phrase"
"Uniwide | B2B Search","manual","Phrase"
"Uniwide | B2B Search","warranty claim","Phrase"
"Uniwide | B2B Search","customer service number","Phrase"
"Uniwide | B2B Search","near me","Phrase"
"Uniwide | B2B Search","part time","Phrase"
"Uniwide | B2B Search","internship","Phrase"
